<core:FragmentDefinition xmlns:core="sap.ui.core" xmlns="sap.m">
    <Select items="{/cities}">
        <items>
            <core:Item key="{name}" text="{name}"></core:Item>
        </items>                           
    </Select>

    <ComboBox items="{/cities}">
        <items>
            <core:Item key="{name}" text="{name}"></core:Item>
        </items>                           
    </ComboBox>

    <MultiComboBox items="{/cities}">
        <items>
            <core:Item key="{name}" text="{name}"></core:Item>
        </items>                           
    </MultiComboBox>
</core:FragmentDefinition>