<?xml version="1.0"?>
<data>
    <empStr>
        <empId>1001</empId>
        <empName>Syed</empName>
        <salary>9000</salary>
        <currency>AED</currency>
        <gender>https://png.pngtree.com/png-clipart/20190520/original/pngtree-business-male-icon-vector-png-image_4187852.jpg</gender>
        <mStat>M</mStat>
        <rating>5</rating>
        <smoker>false</smoker>
    </empStr>
    <empTab>
        <row>
            <empId>1001</empId>
            <empName>Syed</empName>
            <salary>9000</salary>
            <currency>AED</currency>
            <gender>https://png.pngtree.com/png-clipart/20190520/original/pngtree-business-male-icon-vector-png-image_4187852.jpg</gender>
            <mStat>M</mStat>
            <rating>5</rating>
            <smoker>false</smoker>
        </row>
        <row>
            <empId>1002</empId>
            <empName>Sonia</empName>
            <salary>10500</salary>
            <currency>EUR</currency>
            <gender>https://icons-for-free.com/download-icon-female+person+user+woman+young+icon-1320196266256009072_512.png</gender>
            <mStat>M</mStat>
            <rating>4</rating>
            <smoker>true</smoker>
        </row>
        <row>
            <empId>1003</empId>
            <empName>Suleman</empName>
            <salary>9300</salary>
            <currency>USD</currency>
            <gender>https://png.pngtree.com/png-clipart/20190520/original/pngtree-business-male-icon-vector-png-image_4187852.jpg</gender>
            <mStat>S</mStat>
            <rating>5</rating>
            <smoker>true</smoker>
        </row>
        <row>
            <empId>1004</empId>
            <empName>Mathias</empName>
            <salary>2800</salary>
            <currency>GBP</currency>
            <gender>https://png.pngtree.com/png-clipart/20190520/original/pngtree-business-male-icon-vector-png-image_4187852.jpg</gender>
            <mStat>S</mStat>
            <rating>3</rating>
            <smoker>false</smoker>
        </row>
        <row>
            <empId>1005</empId>
            <empName>Stephenie</empName>
            <salary>8700</salary>
            <currency>USD</currency>
            <gender>https://icons-for-free.com/download-icon-female+person+user+woman+young+icon-1320196266256009072_512.png</gender>
            <mStat>S</mStat>
            <rating>5</rating>
            <smoker>false</smoker>
        </row>
        <row>
            <empId>1006</empId>
            <empName>Megha</empName>
            <salary>9000</salary>
            <currency>INR</currency>
            <gender>https://icons-for-free.com/download-icon-female+person+user+woman+young+icon-1320196266256009072_512.png</gender>
            <mStat>S</mStat>
            <rating>3</rating>
            <smoker>false</smoker>
        </row>
    </empTab>
</data>
